{"cameraMode":{"drawMode":0,"name":"Shaded","section":"Shading Mode"},"sceneLighting":true,"audioPlay":false,"sceneViewState":{"showFog":true,"showMaterialUpdate":false,"showSkybox":true,"showFlares":true,"showImageEffects":true,"showParticleSystems":true},"in2DMode":false,"pivot":{"x":-1.8656201362609864,"y":4.142528533935547,"z":-1.2886695861816407},"rotation":{"x":-0.0028016166761517526,"y":0.9535958766937256,"z":-0.008877952583134175,"w":-0.3009468913078308},"size":6.289241790771484,"orthographic":false}