{"cameraMode":{"drawMode":0,"name":"Shaded","section":"Shading Mode"},"sceneLighting":true,"audioPlay":false,"sceneViewState":{"showFog":true,"showMaterialUpdate":false,"showSkybox":true,"showFlares":true,"showImageEffects":true,"showParticleSystems":true},"in2DMode":false,"pivot":{"x":-1.153700828552246,"y":-0.6437892913818359,"z":1.8186836242675782},"rotation":{"x":-0.10891783982515335,"y":0.8695506453514099,"z":-0.221393421292305,"w":-0.4277886748313904},"size":9.301628112792969,"orthographic":false}